Time,V1,V2,V3,V4,V5,V6,V7,V8,V9,V10,V11,V12,V13,V14,V15,V16,V17,V18,V19,V20,V21,V22,V23,V24,V25,V26,V27,V28,Amount,Class
600,-3.55890898823261,3.3808361602821,-1.45600257556929,0.0593229159468732,-2.17004449384791,-1.39858564835339,-1.49903603673447,2.5703199833909,-0.355382769533694,-0.300053650087346,-1.08567908949829,0.605352161288983,-0.12107516155814,1.23916122515855,0.809901602187245,1.04951388826121,1.00886622374494,0.0827727954866637,-0.268371636467829,0.0459230791435498,-0.173392188481205,-0.925282434888163,0.334652865844306,0.297349577965105,0.211369527286376,0.109737174560337,0.032829595998214,-0.0012713271329819,11.98,0
704,-1.24685277185499,0.577701703273181,1.7903940568199,0.62152785854178,0.847138497859079,-0.630922906377782,0.271990730200055,-0.278618927116224,-0.305082733712234,0.0530685916281784,0.156989839362428,-0.40010296592846,-0.290249954536185,-0.514261207291929,1.91588164318197,-0.383399675114114,0.593951543220728,-0.4774674576512,0.700583362854728,-0.15889600963945,-0.293417462803136,-0.60796230913025,-0.370918085964875,0.061990458468746,-0.187872936673114,0.249142929056162,-0.38131623729929,-0.148348546367824,1.29,0
239,1.16752665064507,-0.318288402459783,0.502463956274064,0.0339040538689639,-0.584284751589151,0.0245916884758148,-0.41373755283127,0.186412000534142,0.605944768348411,-0.221309819249767,1.11579321751842,0.941680713570008,-0.744337284208546,0.111580899397211,-0.686027922518499,-0.433618407727209,0.250640521635578,-0.596921963915549,0.394674869539615,-0.138335663486367,-0.0405441754050944,0.092396039733822,-0.0383209193849185,0.115914748956021,0.319733279260604,1.12532706189125,-0.058855273536438,-0.0141915693890441,10.0,0
493,1.21972509323938,-0.481148940600525,-0.324350971307362,-1.55256245751906,-0.258356560233678,-0.519341604972222,-0.0354577683477223,-0.117824448172982,1.26712514803797,-1.06854248056136,-0.63844607103241,0.35248487718505,0.0604284189324486,0.332823110360523,1.99923566921616,-0.505570625467204,-0.160606031829897,-0.332377621392644,0.646091265324263,0.0357178410574851,-0.0404275152376523,-0.106937606420773,-0.171757700833971,-0.721597141879727,0.525567581833228,0.0842122619091611,-0.0016208711468132,0.0118659035739482,67.94,0
331,1.22016350030541,0.3304213293144,0.518020385264016,0.823178967811669,-0.680718692182163,-1.39144326426578,0.0584312850825384,-0.205429664706113,0.0820939207600555,-0.266360339799089,0.312675843410562,0.108577574551471,-0.4349271173963,-0.142860340679293,1.11722359897718,0.349959636525375,0.220439327165935,-0.403224418891368,-0.394698311489129,-0.136174819508135,-0.259713108192364,-0.778004929220597,0.202685199678633,0.862149060493323,0.126258565476683,0.0634379036988332,-0.0259168954895351,0.0348403440639627,0.89,0
107,1.17512477712478,0.661341182443299,-0.477476459726092,1.10254155929068,0.543328123510814,-0.246784793144828,0.165233833222452,0.0270178670459933,-0.423143759370462,-0.574065139554621,1.85338750709333,0.87053110531884,0.49656635223758,-1.25101652850784,0.598736836436348,0.56782018880551,0.76816301951936,0.672152248810745,-0.574586718144369,-0.0694145756531971,-0.0030705557534425,0.0937380027176907,-0.154354624142279,-0.425096766539489,0.652435395978235,-0.296802233869997,0.0514246611015068,0.0418756139010888,1.0,0
450,1.21689071243031,-0.73567103666605,0.236358303233975,-0.579814425218451,-1.17860390052311,-0.930514020712073,-0.386017987928008,-0.120916759673168,-1.08175857905728,0.86188386481977,1.2262866688581,0.108625444565157,-0.709684290108518,0.555629175225063,0.237259096583265,-1.14288514943107,-0.138678040610225,1.42446971823065,-0.561540430050687,-0.392379710104738,-0.291514096918019,-0.586820189051971,0.0092801507503945,0.557000497759626,0.163172876743445,1.0057736540432,-0.0878480839013611,0.0065040990938888,75.65,0
550,0.601635839119152,-1.63433494183935,1.04273785363475,1.06376782379264,-1.87293278103272,0.247780877419169,-0.699908889914933,0.211613084879485,-0.248832690341523,0.658580128984467,0.510156356994848,0.445604237180162,-0.968040601734873,-0.118080405943428,-1.16394583433538,-1.43576928370444,0.109774017519939,1.6557971524971,-0.670856256728255,0.0031284571842733,-0.302662243392807,-0.926638891190288,-0.144533818791346,0.4841265616282,0.113314801347072,-0.498559987660335,0.0282614737650415,0.0842195439894734,317.25,0
711,-0.431349344181742,1.0276943686964,2.67081622589653,2.08478703855765,-0.274567345715511,0.286856036075343,0.152109749305425,0.20087166142106,-0.596505290536088,0.0222241406011005,-0.993674334154862,0.244681424095308,0.711845591884474,-0.666973041865272,-0.600266716128698,0.480204121812359,-0.438581795947928,-0.119474666881166,-0.6815386138625,-0.0578863785979058,0.0012413375474905,0.154170368665755,-0.141532539765732,0.384610194681868,-0.147132473946542,-0.0871001428735367,0.101116884267388,0.0779438704778934,0.0,0
132,-0.394815704179131,1.05441829737983,1.20636127062336,-0.289232389914903,0.610283923861161,0.0815293409925306,0.687720988346137,0.0653407179588557,-0.501623228883982,-0.387104735945791,-0.748656330999329,0.317262072042922,1.2094551611833,-0.0891142351404219,1.04581112477752,0.101501487445587,-0.479842164942754,-0.656485151546465,-0.0359223287804596,0.160782592150028,-0.243154472947704,-0.548387502149496,-0.10713764739307,-0.757096547015205,-0.119197083126964,0.149368195700887,0.287359727447207,0.111322399018758,3.87,0
666,-0.402285992460897,0.517240291933327,-0.16176177675405,-0.961985783055812,2.29241146284293,3.73291916912393,0.228197345303844,0.865325046566916,-0.155189537532859,-0.458851709846236,-0.649994875162191,-0.0729085602141413,-0.246074942956975,-0.0257045314827819,-0.282514241522045,-0.0747468687306741,-0.477922704424132,-0.070883376365234,0.751102329929409,0.0219207829481202,-0.147834510051511,-0.450682051944848,-0.0755705700383382,1.03069038759426,-0.295725580685461,0.159551866898415,0.0136238424173952,0.131145689683204,47.76,0
525,1.08984625831441,-0.60277958413935,0.924389347485624,-0.0770385001566904,-1.27590727060561,-0.420567141991022,-0.634844057495969,0.118674458555252,0.83848145392623,-0.230708525869418,1.12099984282109,0.824766091803306,-0.703517201104123,-0.0390873354391136,-0.446295786170546,0.174678978378191,-0.11827875275975,0.12126696789873,0.495021596158459,0.0128913706950957,0.112487795519799,0.36438609907397,-0.0878862517712516,0.644572120732499,0.192433295264419,1.42135159617307,-0.084481019468115,0.0033834134754484,59.9,0
356,1.02139247472103,0.155450971619841,-0.312290950683655,0.961407335567952,0.548611311634237,0.121816269636434,0.525318014695693,-0.0538912610804885,-0.686867335338448,0.113058507536762,1.15862283590572,1.30647533496136,0.910990895080831,0.581981857523677,0.186329578125173,0.0220289146655635,-0.608528360730842,-0.502009344419022,0.0024918380838812,0.114202252037168,-0.224761709617042,-0.850712082949529,-0.0778454104313453,-0.679774834705032,0.484478365208038,-0.605930142574925,-0.0054536046372517,0.0193924327922309,105.87,0
693,-1.03973086051098,0.502595595939298,1.11071561284262,-2.64291709156326,-0.409494425744507,0.171846934237988,-0.258450452663462,0.782353914002782,1.23789532194194,-1.76998729443112,-1.80421132324606,-1.03852192052408,-1.71881404807772,0.552673397421745,2.2760323849892,0.223894554668085,-0.339967095790069,0.631814816569971,0.583229853927498,-0.0516040494980448,-0.0074142763885693,-0.0788442667455737,-0.315844508204328,-1.34513527149643,0.40570180268475,0.0612231492328688,0.175588057382125,0.0516946678431575,24.9,0
656,-0.338896419525446,0.817547479719433,1.92194190400153,1.08557343520185,-0.0581204296684592,0.0246996447264411,0.383635421616958,0.0372775715833899,0.0078012440819732,0.274352991908262,-0.493169901433575,-1.05700424227196,-1.54943207998377,0.240776269385032,1.91000166892913,-0.430373373667871,0.0574824238717779,0.18429935073567,0.144357623492602,0.138661537252968,0.168002279248011,0.8001464170027,-0.19451282889465,0.0548685144124571,-0.307575260660862,-0.154460408989328,0.267116613335332,-0.0141245468781427,7.04,0
557,1.17358457603721,0.250650069928149,0.839630918934211,1.06630870942897,-0.365090385227448,-0.161886964357043,-0.230310151469367,-0.0123022113851368,0.123302037923311,-0.100170384739917,0.0115084526316702,0.963486762717361,1.3904336863731,-0.103179129577035,1.3506452785399,0.0381587641406598,-0.387089770387012,-0.404589222274949,-0.936492372905941,-0.0843315087249569,0.171834129979132,0.659724677332022,-0.0644827066682793,0.125329300409931,0.506080661373594,-0.270853949356153,0.0696037724086872,0.0300012005042963,1.0,0
280,0.87879449324497,-0.266909198449741,0.409706011015419,1.50980807428807,-0.48779804796164,0.376829476453084,-0.389288343415005,0.331361140052074,0.702727614979561,-0.574106367325665,1.11196718658971,0.599725185775858,-1.2345875316281,-1.02801841090484,-0.780626424993039,-0.0818142871399598,0.979700050493412,0.385091633735668,-0.240107937120722,-0.0017079973016763,0.0250558208905423,0.11052660499047,-0.191237156775741,-0.0591991928381641,0.504350122375445,-0.27152614829119,0.0590995559005013,0.053500820553551,109.15,0
617,-4.70107431737014,4.2087074761228,-2.40393985976979,0.03647289779027,-2.9034808931619,-1.53553238455927,-2.2255786440294,3.44422815107236,-0.310355628369636,-0.133365298847844,-1.33476787545887,0.946615905772838,0.0051078294114493,1.73168640099125,0.763843772274793,1.25471371443885,1.32805382613768,0.125821413628918,-0.340501956588985,0.0850644998321307,-0.14889477925456,-0.996818798245225,0.439301755499721,0.289497373802974,0.356355039083702,0.122140615401039,-0.0089105226961444,-0.0060724023206603,12.99,0
659,-0.907287251838834,1.38563371782326,0.39807664288361,-0.699605425268768,1.11569726714206,0.779935031526697,0.671191842123933,0.135121962730317,0.187291006409018,0.753076018112135,0.314589074630848,0.0372768216220027,0.245186661811744,-0.719345221897964,0.654669415322237,0.649585007939947,-0.72105992609672,0.401465153388137,0.40558586315993,0.597435095065625,-0.442865335757767,-0.82500857931565,-0.213707932233566,-1.77432808357589,0.0958975447916618,0.176816251825284,0.403773134234091,0.0457086518169496,8.9,0
271,1.1961928083246,0.245161002767118,0.631947467744274,0.642940901741353,-0.413132654617476,-0.699728161455252,0.0195327399787984,-0.112500121137387,-0.0470571437821009,-0.122711470246865,0.371980575188798,0.794397765137273,0.674412675332186,0.200158679730578,1.2118826795738,-0.105518257708414,-0.0508584114809435,-1.15157869327297,-0.603069525451054,-0.109478011379304,-0.203867812068993,-0.533641292389461,0.201929023781437,0.406872401018654,0.116137340294958,0.102674898843735,-0.0091211984018684,0.0197004574469535,0.89,0
46,1.00658858258061,-0.0711053573592864,0.347613710129268,1.32968404626518,-0.193239540558001,0.155418220951582,0.0085735500453753,0.146537701158532,0.103844303499997,0.0318300248431995,1.07098086659495,0.940664826248853,-0.729473777220335,0.380114784646787,-0.729126304640312,-0.493402464675541,0.0435558761530204,-0.405289649578765,-0.092584543842081,-0.091366856699256,-0.0202386866152166,-0.0188806243664369,-0.120966187234267,0.0273817885188254,0.59386362410547,-0.334687921975777,0.0213680104004056,0.0150804012744551,67.97,0
183,-0.598071289304104,1.26413654605302,1.41032604626532,1.69517498097116,0.391727694452607,0.192575714458048,1.11822086275207,-0.050613499370797,-1.71696695755777,0.457353407535887,0.855787531713676,0.594038398169339,0.821723219706958,0.189483809415336,-0.53063723301901,0.75264473314706,-1.01193527744922,0.379097043360167,-0.435816317041772,-0.0153709230832566,0.142545033098662,0.317850631455457,-0.199074135874468,0.0143073055709505,0.150579728245192,-0.0157099422911503,-0.0716422139869667,0.0343709146015481,75.83,0
387,1.24802214625491,0.367820580010508,0.0581918442236657,0.933295335208658,0.44392891101968,0.22640328498446,0.115654388449292,-0.0595799808947657,-0.15552782552135,-0.0335058972020726,-0.841198374881748,0.693274034465483,1.61216031677144,0.0148928720926479,1.15516304081406,0.158075958957028,-0.666828626374737,-0.459204352919683,-0.407904061619743,-0.0376502056786067,-0.0753030629635881,-0.0985614579003936,-0.137178076452938,-0.940902889681176,0.645499683869452,-0.334233718545525,0.0442709378579643,0.0158504941934806,10.0,0
448,-0.242497088483831,0.8911700096941,1.16478654597688,1.02539184542511,0.729122670898602,0.663500951479102,0.760559816450618,-0.0045314928791493,0.0373702543430302,0.128624435218084,-1.56709036713288,-0.687600989254287,-0.794311644155351,-0.0958789497879467,0.407225740680564,-0.972315191758398,0.205304917575509,-0.281837061387015,1.11156528907122,0.189784755953742,-0.161343131428187,0.0472551827794205,-0.30269507565931,-0.931315322129661,-0.00861124065438,-0.18711092126572,0.259245653037243,-0.0306352527922709,11.99,0
407,-0.918109391824049,0.798542201329816,1.75349409472731,-0.576985397405394,-0.554779915989762,0.11954187207722,1.09615257159939,-0.114590680838874,-0.213291345863124,-0.742606972267996,-0.13874970773793,0.599899040225767,1.2089199802689,-0.381499679272426,0.716385075543292,0.472986514398885,-0.684815917015074,-0.649251557126148,-1.37895089277014,-0.205694727259447,0.0507481240277365,0.201314130927988,0.0235675431130168,0.107428412833476,-0.464465514994126,0.0049384741216479,-0.0680132749556398,0.0938343192626239,146.25,0
484,-1.12324258650538,-0.601732547413543,1.86623157617253,0.373544171958674,-0.16514934577634,1.6020985167722,-0.220908012769989,0.618352918559024,-1.17235325348872,0.315663742137533,0.31838955160589,0.479869057075902,0.786431380309503,-0.289769624166159,1.47587653475283,-3.2055970412175,1.47872791565205,-0.376979364662593,-2.02864737509638,0.084833025305828,0.0905816075882688,0.804918432732548,0.43242127468334,-0.658488820613231,-0.38566638189848,-0.0681567408482415,0.459110559438321,0.222762255407614,158.0,0
375,-0.837689399286165,0.777697548176039,1.84125190788536,3.05689168398457,0.303627257071124,0.615334509308516,0.531503581461395,-0.0819552342448348,-0.522526743799903,1.14972499679762,-0.692305560742973,-0.219451806165663,-0.0641819494289172,-0.473905555194458,0.119392545678428,-1.01412000836274,0.596687496042489,-0.637465521952005,0.826731025996206,0.0320022397497329,-0.0700685056243965,0.556788018387105,0.217680954037409,0.100721258635146,-0.332478928100133,0.252525567360446,0.138864823350219,-0.0851519066539304,29.18,0
667,-0.995087876930812,0.700493567711302,1.18187664716757,-2.61302069707605,-0.412335304198676,-0.249470608133339,-0.0406402583043447,0.526486030018071,0.929157834881624,-1.78647190782493,-1.67327303908142,-0.0261836361452857,0.364380864350807,0.113707308008728,1.79768732143337,0.419465905776678,-0.736138750474421,0.82748090088438,0.927559079566813,0.112348069216955,-0.0112948136245773,-0.0241905999905977,-0.370093234041102,-0.977191254477269,0.548306951999884,0.0245918103325099,0.172594344714407,0.05954069288971,24.9,0
231,-0.961507377354571,0.743351361842785,1.17358181292847,-0.222593448626951,0.740528101159323,1.7399587889582,0.313012828332022,0.699418766640993,0.354715618761415,-0.333261450777691,-0.566075415846787,-0.408623499329429,-1.51220977760171,0.106308676000978,0.878588666846378,-1.47693947930362,1.13432310340718,-2.14336214739369,-0.981798170201834,0.0058767822463293,-0.15286174333995,-0.0119710419317161,-0.0393939230259935,-1.50444010846751,-0.24824813105998,0.411290562490779,0.49731529878613,0.207499416333155,26.98,0
539,-0.42004980312015,1.03464806946405,1.56584979052484,-0.0296434688544165,-0.0543358267364858,-0.907982628648045,0.688436382071916,-0.063127682085749,-0.389635387564413,-0.3085944035763,-0.40750143883786,-0.0626280782951625,0.0075949309289532,0.147237047583467,0.851449746995373,0.200169025507272,-0.392963058951555,-0.348189332324892,0.0161455911981186,0.0958689574053304,-0.2282818244928,-0.598231411800191,-0.023080755555517,0.360198737573089,-0.19431581598449,0.0716399808129816,0.265159253204323,0.121071416207367,1.29,0
513,1.2552580368309,0.075190219223425,0.225733321304533,0.881766282196351,0.154508081944231,0.631959782761503,-0.385968299345479,0.18949281444908,0.447979747885666,0.0126205761134492,-1.58447011191314,-0.532828309464289,-0.246747951876443,0.180213786965038,1.62427142173903,0.57527900495267,-0.804792917331849,0.308130543218758,-0.467710922289359,-0.148843144378416,0.0884568331004637,0.321205578627798,-0.235167006385783,-1.32503341990911,0.643129200610079,-0.133690223754327,0.0530686095681698,0.0124836889403466,7.0,0
64,0.95960165851223,0.370711304613933,0.888613370045565,2.34324410302247,0.352490841084755,1.36551460619135,-0.277770730462741,0.516053179747465,-0.700929045055026,0.468216239367258,0.745611509947132,0.373531002993358,-0.223918285866667,0.417438142069896,1.67840014345469,-0.515701600237187,0.662478668271888,-2.5142351135941,-2.5896875748614,-0.298404520795831,-0.155547160729115,-0.403239315684771,0.356504034074842,-0.696881458915448,-0.198717970162506,-0.220267915515142,0.0685461961358583,0.0207973154161409,7.55,0
432,-0.75170995325103,1.19840953029378,1.28742143560471,-0.384763066128562,0.0904261567382675,-0.406865037088977,0.556739504263393,-1.9795924480539,-0.517511985773092,-0.187272938924485,0.368932551420266,0.428892433264831,0.574490060844518,0.0830434573687624,1.19724263207376,-0.860634526503768,0.460705714892142,-1.01752372092835,0.491529501959874,-0.198500354781407,1.53449751537084,-0.203298890826036,0.0374784776124364,0.474355446093582,-0.252581569726936,1.09039819517886,-0.0409712731261151,-0.117358973971096,22.03,0
711,1.34153371928366,-0.066799009110888,-0.118841192855094,-0.455025178098701,-0.0305007053513142,-0.17239147510075,-0.182207156344244,0.0113598506782839,0.138976185534256,-0.006038439864261,0.360217040078118,0.278033926091812,-0.221123119150156,0.449952698034465,0.569547946556859,0.813607119034937,-0.953818286322421,0.432459457010971,0.80439478586779,-0.0523551912782755,-0.141316649417555,-0.437092446017857,-0.103720128585792,-0.7772262575196,0.352175191053174,1.01675895876408,-0.0917393775251389,-0.0195820224923621,0.77,0
554,0.270554106180448,0.521380385442136,0.572349435253067,1.19170405013988,0.448293353075837,1.22661450375837,-0.158828984360382,-0.555250575531961,-0.260997249110611,0.0387123302007712,0.111648971179769,0.600396734872815,-0.246067447427469,0.378191107124706,-0.245332499492988,-0.535907685197732,-0.0036254259219896,0.0838691911881241,1.22235999990293,-0.0868653848604702,0.664678217588754,-0.40625552433691,-0.35415574654605,-1.12643171964123,1.00567520871356,-0.0697965586334854,0.200925059877588,0.200621687104756,35.95,0
630,-0.986718937688705,1.19304627766033,0.687745311704098,-0.59392549658512,-0.557397894405695,0.840298903085417,-0.975619878152499,-3.85148805117617,0.179958210171246,-0.303256755411062,1.30853935550006,1.43141310245883,-0.234048161833462,0.390703753590935,-0.681494681561638,0.0800440591876015,0.0071223031402274,-0.649673257633629,-0.587859728378347,-1.03403940520575,3.62591131396067,-1.75593197004206,0.132060005275596,0.0023313249863609,0.695589968023222,0.429103372191013,0.305583141837416,0.192042862663396,79.0,0
430,1.33128233083719,-0.460775040723178,0.201621104233636,-0.582847532638529,-0.815357669994095,-0.863856547364628,-0.272425285266449,-0.228813916322538,-1.19478886587898,0.710580256835083,1.57159652433875,0.833851265793292,0.952134809577762,-0.198454513257892,-1.06282911398297,0.61313679592871,0.38539320082305,-1.36258149159804,1.01342323644706,0.15720463705474,0.239531789651311,0.718030220047391,-0.181652195032958,0.61756142360122,0.760130741418993,-0.100634809721231,-0.0094691631201754,0.0014068031736129,30.0,0
472,1.04078123560653,0.10956917224535,0.357987395876696,1.11899798107106,-0.105373135445754,-0.0568367508239653,0.0550262263645624,0.0451645836889402,-0.350572631241886,0.151601971705919,1.57659776517306,1.18184728515047,0.390601797794684,0.476672324534955,0.44594082523271,0.039946782580101,-0.469181622948506,-0.0664955164134212,-0.564015813658216,-0.0209107721878913,0.188378055443754,0.487630837101518,-0.147081022430264,0.0366905957410993,0.565456683247219,-0.275489186946464,0.0233855918178795,0.0190214156641983,59.88,0
409,1.24375750419848,-0.777764482893793,1.0168300283625,-0.250545905601579,-1.26855516635586,0.137280396064056,-1.05791922651865,0.0099864118448937,-0.460485868986185,0.624628451355511,-1.14414245334008,0.342357291449495,2.14271002258858,-0.695759495386872,1.36811390550357,-0.466187066237507,-0.809202806378595,1.85516496644528,-1.06053397219218,-0.222613976283978,-0.142454958730576,0.0421344316436996,-0.125057115660979,-0.403784773183919,0.212596287585438,0.619154559961865,0.0355176386999083,0.0413990476152571,72.0,0
44,-0.7147640190509,0.514968588809346,1.82167562698994,0.616433633112349,0.848775614560403,-0.111938136930971,1.50561708184721,-0.798167297930687,0.244756558759933,0.264554166932915,-1.10811404262763,-0.359860224587481,-0.163471394515264,-0.78399685528552,-0.367152826926958,-0.653118889937787,-0.50429999683849,-0.260560360493109,0.435251051618086,0.107321716256365,-0.220075387734134,-0.0178447101595565,-0.431938291624419,-0.130458458758134,0.337158591609192,-0.440041535079763,-0.674526156912284,-0.473217566024028,59.9,0
169,-4.06686227118254,-5.08121516166371,-0.11690781000852,-1.31282927269338,2.68876224616788,2.75589497819361,-1.99909463351028,1.7264125348751,-0.413594233198214,-0.769343040305846,-1.26596290317419,-0.306976373337728,0.0961362389085825,-0.58129933212274,-1.59735760313307,1.21366649249243,0.298187370700397,-0.604047660269601,0.534227573107073,1.87693716583902,0.794925643132667,0.294822646237986,0.429790528035806,1.05931997507387,0.606301317859131,-0.183100838067739,-0.0577766750865602,-0.532404119408748,355.51,0
139,0.951278275520493,-0.657729594475177,1.70188353276801,1.80966728327767,-1.36016210898805,0.953857646316338,-1.13480328179431,0.528569709758623,1.91440355688492,-0.41342580316083,-1.4888158047149,0.105980334378276,-1.65017861034361,-0.765610812188551,-1.18267098848816,-0.739282377207059,0.676979258708734,-0.483801273027034,-0.188162502490156,-0.192796372616494,-0.0275960281344777,0.284121153750591,-0.0920930540673923,0.0918997878532827,0.418136114227156,-0.195826727837413,0.106816908328757,0.0408805315737292,58.0,0
29,1.11088034163339,0.168716770722767,0.517143960377807,1.32540691997371,-0.191573353787583,0.0195037226488424,-0.0318491084003128,0.117619919555324,0.017664720727696,0.0448647914479061,1.3450747987323,1.28633962057665,-0.252267065685462,0.274457682308765,-0.810394372378945,-0.587005063447401,0.0874510738489092,-0.550473628153257,-0.1547493550961,-0.19011971084361,-0.0377086544989231,0.0957014620432248,-0.0481976468634584,0.232114939125133,0.606200748965636,-0.342096828961882,0.0367696053150443,0.0074799607310723,6.54,0
41,1.15431211678574,0.265462317325236,0.384870524075104,0.575007040189308,-0.217475464731052,-0.391519648227507,-0.081488956561272,0.062789489939691,-0.26058332390039,-0.161677216936728,2.05292777700016,1.13082593391895,0.189484506115511,-0.0707926116953762,0.619345198096689,0.318582896539062,0.090232112025443,-0.331450411508532,-0.344721213431806,-0.0995797456243433,-0.193213341350887,-0.557685063301591,0.16949206868172,0.186862704114817,0.0892519829822865,0.0936262298809123,-0.0096326403632901,0.0196676927362536,2.67,0
18,0.247491127783665,0.277665627353681,1.18547084217971,-0.0926025498576041,-1.31439397897076,-0.150115997622665,-0.946364950111676,-1.61793505064675,1.54407140197844,-0.82988060074647,-0.583199526903095,0.524933232159904,-0.45337529664688,0.0813930875646215,1.55520419597553,-1.39689489286937,0.783130838324676,0.436621213910235,2.17780716839543,-0.230983142903519,1.65018036054154,0.200454090999037,-0.185352508080436,0.42307314795406,0.820591261750983,-0.227631863934761,0.336634446911129,0.250475352427605,22.75,0
457,-0.942972865599481,1.81257471109018,2.11275406531462,2.21179055445223,-0.0675649278157964,-0.614475548903287,0.77553339389929,-0.0782989472854936,-1.27669004783076,0.939465827463876,0.0833594784665856,0.227234265813188,0.785360667400993,-0.0400839413722761,0.634050629509085,0.157938998406611,-0.240901459560192,-0.522261219143937,-0.329442623821631,0.295910351081799,-0.181811665053326,-0.441114489788772,0.0044975036464019,0.881531874810196,-0.169524570513516,-0.213305191230233,0.313371275199643,0.246707316551278,2.72,0
679,1.19481237472078,-0.0881612197826074,0.487398533888274,0.872865025709538,-0.712495127127175,-0.749223476311999,-0.0986408090593488,-0.0564731060237337,0.691595899151719,-0.15755250531324,-0.919379851766411,-0.329990577494323,-1.55103504187157,0.236920710999539,-0.0429608102657153,-0.210029560624452,0.12029396901912,-0.525078939356845,0.222013717613269,-0.179831969361923,-0.238063789060947,-0.618165193055702,0.0145814342847766,0.376852184229113,0.395478151560461,0.272409703541302,-0.035684557363163,0.0128302983171307,25.39,0
222,1.08697116347518,0.0451223219759884,0.475774394586216,1.34424417785259,-0.302640742896004,0.0044076102407241,-0.0964036052509476,0.182898065571425,0.193464331505171,0.0735128149998966,1.14416591493974,0.662654580375041,-1.42103070120159,0.509992074735901,-0.67944010520806,-0.529631760177053,0.153906813019428,-0.403244853238012,-0.150064240236643,-0.239993183083253,-0.0440438531871409,-0.0078694485834195,-0.044243035233324,0.213380359165259,0.562624828109406,-0.340026071693874,0.0267367498561097,0.0071853467609466,18.61,0
344,-3.49598374713741,-4.08841987249722,2.02484461194579,-0.74036273805294,1.12813456738835,-1.23170169938276,-0.0865535583222919,0.157807359558066,1.67762074043078,-1.94685990082761,-0.741919716112826,0.467513416317135,-0.679088049454212,-0.446944123223456,0.122393378781645,-1.0754348768879,0.221472310768926,-0.22843694414608,-0.0270899343517257,1.63382266279529,0.361562297711427,-0.173006265476875,1.28044573660223,0.0126965169024786,0.760878573539122,-0.828147329232589,-0.298700036934227,-0.0616151701089653,456.71,0
502,-2.69664072490359,-1.37130038612753,2.85819382004164,3.4218635807796,1.90408260680805,0.68373058350164,-1.40750594574469,0.444287003622272,-0.309161822526346,1.33847034547156,1.28277005940899,0.907171493984541,0.192458733721406,-0.614332498721317,-0.0941055247451691,-0.861579224882625,0.640078297987096,-0.611399017034829,0.901330060640164,-0.112607990528786,-0.246074590434084,0.0989772378230677,-0.400856554591843,-0.201216929732565,-0.14076130324607,0.217806466395604,0.113170806059088,0.209086743284787,45.56,0
313,-1.03835622793209,0.756121842358947,0.719941776227009,0.988401807344711,-0.237289725013142,-0.378861992097998,0.413667984251441,0.436786746084869,-0.4481784910122,-0.346581607896143,-0.786498012686011,-0.999026788986425,-1.96801526773852,1.04990167216501,1.48907579333964,-0.372646823742577,0.350349837603427,-0.035845283908085,0.110459559053236,-0.344187258233429,0.18954965330953,0.477872318875632,0.298491950666821,0.0293679056113061,-0.300419940401496,-0.294100311014774,-0.0099046386429514,0.0388605588292677,68.0,0
112,-4.81602179918938,-3.34506105842244,0.566005641861995,3.96056779589727,-2.4954000253269,3.69136464456537,1.6033598578171,-0.0718012191562666,1.09241820405725,1.14581874359248,-1.22968693847166,-0.186777965538091,-0.0638645712803501,-1.41896284130383,-1.00637482143641,0.717839259413653,-0.333451260366958,1.20895055695515,2.24569699971514,-1.1326599747542,-0.797155075656228,0.260092570665231,-2.71227594238918,-1.02043560096365,0.0709897455066482,0.619085659323231,1.72070651812871,-1.64855313000651,937.69,0
648,-0.869610992513175,0.337734233537653,2.04788910515271,1.12033466831663,0.93180417987502,0.265476790841253,0.832819365787489,-0.565353083186754,-0.0767058871131692,0.907365978392692,1.56706082948472,0.609841689398474,-0.0641969016819116,-0.451106708211131,0.193140373855797,-0.969868980207129,-0.153259286409733,-0.260132674975719,0.987744044199442,0.056354524756244,-0.177989093643689,0.125180856380352,-0.263570816083351,0.022189737328266,-0.414829450498073,-0.517494181483598,-0.709331867127273,-0.406951480645524,28.14,0
327,1.1626866219921,0.269139448314197,0.16325807405854,0.943087700234206,-0.0032253826549667,-0.421821789804265,0.213395377390994,-0.125541511344383,-0.396782854177078,0.142439936881464,1.16854008071503,1.256287953972,0.889922325580881,0.391563533475386,0.146892022594429,0.302236362374276,-0.847188564235984,0.344972249806213,0.0258342055749182,0.002162123040523,0.0877448256874074,0.236577241107112,-0.191414759283185,0.0423382571361313,0.720314893119262,-0.332043296487459,0.0093557460697835,0.0144566990563305,36.71,0
99,-0.883995649772828,-0.150764822957996,2.29179072147755,-0.263452268327782,-0.814535284284635,0.955840627763703,0.0976306732312271,0.474046969090009,0.139512299928856,-0.729861201923768,0.711062608544338,0.095006434720644,-1.09750534430121,-0.0597015195949617,0.234557225294908,-0.142193908419341,0.193357555365588,0.217853313993545,1.15557112117309,0.358751010196778,0.0709014399364962,0.0518320695040774,0.110297657345214,-0.260628692852532,-0.0975487192089246,1.15543923721475,-0.0211993299630798,0.0625654360473211,142.71,0
492,-0.789890213317183,-1.3793710208447,0.171334350642317,-1.63675575301066,-2.80726555399498,0.726235624411962,2.73760243023038,-0.933998532216666,-2.41372969133173,0.796624966067027,-0.878071029122048,-1.0450436679465,1.24992901996699,-0.960840483005207,-0.507105326966318,-0.831644015808839,0.490802992913282,-0.0773885221406349,0.298180158776785,-0.129410982010376,-0.256231383584556,0.167077258407335,0.540876376772958,0.0674958917082698,0.479636174534167,-0.0982303674114776,0.0535272543661344,-0.408049680409246,632.4,0
10,1.44904378114715,-1.17633882535966,0.913859832832795,-1.37566665499943,-1.97138316545323,-0.62915213889734,-1.4232356010359,0.0484558879088564,-1.72040839292037,1.62665905834133,1.1996439495421,-0.671439778462005,-0.513947152539479,-0.0950450453999549,0.230930409124119,0.0319674667862076,0.253414715863197,0.854343814324194,-0.221365413645481,-0.387226474431156,-0.0093018965249005,0.313894410791098,0.0277401580170247,0.500512287104917,0.25136735874921,-0.129477953726618,0.0428498709381461,0.0162532619375515,7.8,0
406,-2.3122265423263,1.95199201064158,-1.60985073229769,3.9979055875468,-0.522187864667764,-1.42654531920595,-2.53738730624579,1.39165724829804,-2.77008927719433,-2.77227214465915,3.20203320709635,-2.89990738849473,-0.595221881324605,-4.28925378244217,0.389724120274487,-1.14074717980657,-2.83005567450437,-0.0168224681808257,0.416955705037907,0.126910559061474,0.517232370861764,-0.0350493686052974,-0.465211076182388,0.320198198514526,0.0445191674731724,0.177839798284401,0.261145002567677,-0.143275874698919,0.0,1
24,1.23742903021294,0.0610425841868962,0.380525879794222,0.761564111432371,-0.359770710369787,-0.494084149915291,0.0064942181077928,-0.133862379689891,0.438809736716666,-0.207358045517011,-0.92918211475144,0.5271060605933,0.348675901114132,-0.152535138608542,-0.218385629647018,-0.191551818259596,-0.116580602716053,-0.633790816521738,0.348415801097774,-0.0663513345433597,-0.245682498259096,-0.530900256150069,-0.0442653968237672,0.0791680288586917,0.50913568954621,0.288857833917937,-0.0227049816562784,0.0118362314304161,17.28,0
309,1.23952614507919,0.602892210817546,-0.257987468646464,1.31958050321831,-0.0508045967839494,-1.2165278124532,0.235433914389055,-0.192577121473312,0.0561273178523648,-0.539113725322108,-0.117825080390849,-0.538678061219088,-0.936744767373211,-0.872396826969356,1.15878116848446,0.548128606833329,0.723127900046235,0.578881579248784,-0.574887985471455,-0.163519697184107,-0.0627415564294327,-0.15389505875931,-0.108973093859901,0.246564816550081,0.661411761999138,-0.324202307085213,0.025959731347448,0.0492538965851306,1.0,0
483,-0.792724453343653,0.946688235639807,2.24514885111903,1.16739763459949,-0.625404978985842,-0.4499791524148,0.157625068519351,0.0153787969339651,0.269780809594991,-0.021303960719531,-0.375566786194153,0.478017712051145,0.287826285183404,-0.473543980843962,0.127463784159315,-0.680594037846823,0.223910776709106,0.014716509230838,0.365766882145731,0.114467314294225,0.223031587349502,0.926664762056636,-0.17029834587919,0.972432281514519,-0.115297628683516,-0.229900137056469,0.156609796392505,0.252310084103918,4.42,0
692,1.14902481988994,-0.586115804951528,0.937066233734572,0.560352524157105,-1.36351097344991,-0.366371406319636,-0.770752234581476,0.105757229109529,-0.886404154178123,1.01793674457077,1.01710480901613,0.0283795578163931,-0.831813543569058,0.406266814041242,0.482587933751031,-0.850838254943614,-0.46847387006378,2.11682909384889,-1.18242556077137,-0.490929132204242,-0.161201845518111,-0.16381930808188,-0.0044678201790725,0.475058462115644,0.27398756795561,-0.331433988289531,0.0487442557634336,0.036177004656279,60.0,0
190,-1.5057791635308,-0.215325117259078,1.99129427646285,-1.63149338451985,-0.635965146821198,0.228413858079752,-0.0342656972363698,0.0426958270503592,-0.235439929340839,0.164740343425352,-1.51828765971003,-0.317422419544255,1.12053465313355,-1.52478487374754,-1.21854635680996,1.06301355860071,0.0443910911487924,-1.34080631609944,0.715632259412232,0.232752121754006,-0.101938019104751,0.148145577476984,-0.450114636372949,-0.396558396394281,0.554223963316214,-0.340492980681964,-0.335617814421999,-0.413379326245853,82.29,0
535,-0.866655166687783,1.02962057697845,-0.410809874238675,0.159946080106424,2.372235649386,3.80111294816616,-0.0888005863131173,1.10307866578952,-0.293703189423838,0.21773437707106,-0.663311004344798,-0.0505139361476708,-0.176346212328843,0.172332101964878,0.17087432951978,-0.581112389275449,-0.095795706089546,0.212158246707124,1.46452690758713,0.199626127985402,-0.0982546484068005,-0.140316051091309,-0.181175868600202,1.01427341200683,0.119951993110184,-0.288596593588224,-0.144101988937104,-0.0771636302766444,8.5,0
741,0.944362376346842,-1.73183214085906,-0.130577622277333,-1.17227545448322,-1.54140224810759,-0.909771281204251,-0.289440421424805,-0.33973404167914,-2.48214139119948,1.48860526910276,1.53865095824481,0.250112364256963,1.07227688615792,-0.0081179940408328,-0.399293630177076,-0.505072050912518,0.406668300104298,0.199018848995463,-0.0365851832421769,0.284755482900076,0.0383660870449324,-0.130337360559468,-0.27269672146907,0.557769941648498,0.4244933646826,-0.207367367824495,-0.0426257840546896,0.0545307925332413,294.95,0
472,-3.0435406239976,-3.15730712090228,1.08846277997285,2.2886436183814,1.35980512966107,-1.06482252298131,0.325574266158614,-0.0677936531906277,-0.270952836226548,-0.838586564582682,-0.414575448285725,-0.503140859566824,0.676501544635863,-1.69202893305906,2.00063483909015,0.666779695901966,0.599717413841732,1.72532100745514,0.283344830149495,2.10233879259444,0.661695924845707,0.435477208966341,1.37596574254306,-0.293803152734021,0.279798031841214,-0.145361714815161,-0.252773122530705,0.0357642251788156,529.0,1
259,-0.363607747775808,1.10400832581145,1.30067845337774,0.0703142964259812,0.0751796632324312,-1.01039638745644,0.683396194279067,-0.0733779123558823,-0.401865789514364,-0.508232821974738,-0.199288744730576,-0.0380781298940422,0.188826233319192,-0.441824902046129,0.887319497241928,0.377647533489026,0.0055531477900535,-0.147300475446914,-0.0909211632091689,0.12317638908209,-0.261158413575038,-0.685436106316632,-0.0136621759160814,0.336312610836556,-0.157577368039416,0.0716994270357452,0.245538854156187,0.0990365340679715,0.99,0
279,-0.857062519648965,0.204627007877724,2.18698476694226,-0.0455893797660212,0.472689255888956,-0.187450054728674,0.435892421889065,0.0104751289930878,-0.182090530953911,-0.369532838048135,0.599525509319659,0.285635911137786,-0.803135139321489,-0.10303329192603,-0.835167712316915,-0.0844790340792454,-0.35341801443596,0.105380712569814,0.928780621165503,0.175356396405114,-0.237292727879546,-0.611724040328273,-0.190795743522915,0.0033356218471535,0.212665732252135,0.295664189563905,-0.175260143071776,-0.165614292178362,19.29,0
406,-1.64500860387508,-2.09079913256286,1.59256683629435,-1.38885259038471,1.7328991922002,-1.63105878064131,-0.922859376135218,0.0138144495343825,1.76077705624325,-1.2701642777003,-1.40105323853284,0.356018139922227,0.191579696372312,-0.473274885943421,0.707895259439591,-0.179083043036391,-0.816905117057215,0.63124654276874,0.309446502210526,0.5642458027703,0.248155008474276,0.415496484030839,0.293293936511936,-0.46342503754589,-0.405175359797423,-0.924103280076778,0.0065856904356842,0.0186830113319059,46.68,0
49,-0.549626144798035,0.418949153525597,1.72983325235597,0.203065373845713,-0.187012387610491,0.253877551885213,0.500893777771598,0.251255794962937,-0.227984854678695,-0.57616941989126,1.10203189400426,0.823707807488722,-0.569509883571002,0.0087100734926358,-1.04141380966471,-0.603403099556728,0.225483728892329,-0.352132599922745,0.194946380855442,0.0169703706662638,0.115062465548237,0.418528728119492,-0.0651327882454082,0.264980785082018,0.0039582203418182,0.395968888989273,0.027182102239278,0.0435057557098948,59.99,0
417,-2.68034780829134,1.8720519522976,1.14471175209236,-0.693663602134341,0.155171669307832,0.601324581968266,0.904200895919867,-0.520078914237286,3.0130651089285,3.55569454835195,-0.900036654090323,-0.527338232161822,-0.287792125162688,-2.01132660397825,0.485905616735781,-0.710475502684048,-0.637226751871702,-0.433060050855741,-0.21887651674513,1.48387668523517,-0.459591663052924,0.485420984240349,-0.365436576207715,-0.744117582553687,0.328654644396806,0.457695263213135,0.566152474798655,0.16824103997553,29.99,0
405,-0.844953413022215,1.39604365398267,1.32580362740992,0.503092092618285,0.0056092120038797,-0.727816054427293,0.692731867388574,0.251971711857882,-1.44276424826119,-0.447368654035531,-0.6431292605134,0.631724158836097,1.56794037345564,0.0449097394057952,-0.504056489508185,1.075011647047,-0.821382487464859,-0.585494759776302,-1.58457995790594,-0.146557731628499,0.0968036325251813,0.0692206037727894,0.0255215719178002,0.450555650719927,-0.402727524691938,0.607588239012183,-0.0910735218360886,0.0809060586127293,27.13,0
478,-0.394363940095324,0.962488927143593,1.16411130483157,-0.110028408950155,0.221215517544595,-0.526324364631051,0.505039916129875,0.147742879949019,-0.499457132729545,-0.31149873827367,1.04904093563352,0.0552689112713554,-0.754753358783594,-0.0817977138460812,0.312033558976671,0.712748003167192,-0.312042725602174,0.568455680423752,0.328515113555766,0.0912810551649795,-0.240068778839634,-0.709400243701796,-0.0513373283819809,-0.0712399596496812,-0.173978437748283,0.0776610305812201,0.234552586658105,0.0838748128793158,1.79,0
379,-1.89609925225788,-1.82904618154786,1.1812221421476,3.89784579615149,-1.68646870453463,1.97637075512678,-0.564107230460776,-2.40046491032775,-0.979201821482992,-0.284723547420908,0.284799423273594,0.592318944366125,-0.653926139218209,0.510773223299853,-0.545063692116723,0.309555463761161,0.259246565289502,0.660470304607634,0.978842524591732,2.53863619646714,-0.936346051581582,-0.516625796902055,-0.911681722191558,0.0251056407556221,0.65669917991653,0.200867802291929,-0.0889936776886423,0.339813925549531,881.13,0
557,1.13572095515975,0.185327689987062,0.532580535437773,1.4747058670844,-0.335261004135142,-0.372401882842573,0.0590398429744145,-0.0199131056701196,0.313130755880763,-0.11788550512582,-0.295769458550873,0.479426009030896,-0.484281365547396,0.145034376745761,-0.0848325437465735,-0.803784576781672,0.399018268400498,-1.04741558240403,-0.489409422526747,-0.213577243434785,-0.0819643344426672,-0.0223362781843383,-0.0208359725245909,0.413027563413466,0.608604010203696,-0.332334506259912,0.0377873906502867,0.0192384448651913,11.45,0
380,-1.29983679037626,0.8818174638094,1.4528418792573,-1.29369833187415,-0.025104981110272,-1.170102626414,0.861610195375755,-0.193933516387003,0.592000946564565,0.241978857934286,0.144973301434815,-0.58389128427118,-1.59534531490549,0.0326128857482741,0.752833857365528,-0.0942863738983986,-0.16342701943749,-1.11117601351647,-1.1240245898857,0.0659790095339547,-0.272562732384431,-0.360853038485273,0.223911214832993,0.598929622195593,-0.397704637946507,0.637140781064769,0.234872284466863,0.0213787930408803,0.0,0
738,0.828410345527949,-1.01553866243325,0.494972876660827,0.132271564651977,-0.637767978165018,0.744832796041135,-0.386336042138161,0.130128655938708,1.05697974016411,-0.629498076117388,-1.22720105534336,1.00423878475074,1.3930701865126,-0.782297582014511,-0.0883873664233977,-0.159703287342276,0.0064211735736061,-0.879412544522998,0.396872048716611,0.432137573858809,-0.127585934175467,-0.487869144980899,-0.211280336953033,-0.766015536936444,0.156876677034409,1.00528396443082,-0.0504819612019707,0.0406867494091042,220.28,0
131,-1.00739058275579,1.26194331919926,1.20720274351755,1.3075749266587,0.153211415554951,0.0622911017873403,0.508647160027692,0.0794468525210625,-0.39521086030534,-0.0061521766390565,-0.468287907189751,0.82781935550606,1.04667579114069,-0.185212586402775,0.109266578253161,-1.25280432357317,0.605940980983828,-0.831079808839291,0.772720684709515,-0.104066544890791,0.0391497561804418,0.411660756098818,-0.0803201403236891,0.121235070052195,-0.132999537065423,-0.303176862470027,-0.463913070120756,-0.16415724108346,10.0,0
252,-2.39543391284319,-1.54536913635857,1.91939120009215,1.06251356785515,-0.627806201546894,1.15456100138387,-0.86150073881925,1.08948638979191,-1.34126755991622,0.200625621596136,0.824199618905963,1.08834840127489,0.539608343202206,-0.0710282663789658,-0.385580937047806,-2.40742244106589,1.10343414829601,1.03590010430564,-0.146973943018804,0.561230218885657,-0.120568529191627,-0.473852621812664,0.453082048430593,-0.323900292526889,0.105116690567089,-0.219200405888116,0.261788843801088,-0.12295363848915,231.71,0
604,-1.40269017872124,1.73544149459288,1.27109785439825,-0.198567584382338,-0.214255506877126,-0.502423356353962,0.342362096766829,-0.709484661662195,0.185325449043281,0.632250461473686,0.209084909867733,0.344762709642021,0.142253556108559,-0.0366736236264407,1.08072063213396,-0.256432880277911,0.0284057525781495,-0.967688982361396,-0.573972815055303,0.284168370449377,0.495521372952873,-0.726775535015666,0.210790323225495,0.359648119826348,-0.125185464701739,0.100667921369025,0.634989750212493,0.313495063436483,1.79,0
593,1.28578408457805,-0.204800181788683,-0.912386535091836,-0.342584213540659,1.88154749297588,3.60881453066361,-0.704128946901396,0.908009029296099,0.409535791001752,-0.144919284896399,-0.434718241799483,0.282398098497617,-0.14103390278099,0.0371511864041974,0.0559597695641921,0.142997743094697,-0.498530318902751,-0.272597674071618,0.595132928271787,-0.0064306315724357,-0.35517365046003,-1.00088978337378,0.0457474262309161,1.01816465134931,0.495726721911363,0.196642783157174,-0.0126369837079024,0.0095010508115189,2.69,0
274,-0.586189993683314,0.490033022414475,0.564065152397492,-1.22836384560746,2.86017836505344,3.36373113935503,0.263669445964743,0.703249304569757,-0.648517818791341,-0.338281228436884,-0.0882664828745096,-0.392281620650335,-0.0958920629055792,0.134683919398204,1.14045117677131,0.416862644621114,-0.942986939907305,0.0966604349646995,0.513916396497184,0.241503347881636,-0.29502555289051,-0.965886560603045,-0.207535475546927,0.989880284778889,0.257820709657052,0.114457611817427,-0.159428052386332,-0.158920772435934,1.98,0
140,1.17547797784407,0.167881282807954,0.509908524918345,0.452332377841821,-0.215763033012374,-0.192103788679566,-0.105403719620125,0.0685168493023459,-0.249733437436787,0.0531427317518959,1.73792686089307,1.25332507136832,0.419214818545098,0.422533743260073,0.56052905321648,0.197461932874899,-0.407984598758528,-0.520951033931573,-0.188320466586913,-0.101553775177371,-0.17614700306289,-0.500566172372577,0.151262949093433,0.0183469698916752,0.122002841950239,0.106306809485971,-0.0149368758024788,0.0057709265263556,1.29,0
666,1.15441765942069,0.261619037065338,0.423472644287704,1.39016694492049,-0.0699826376445415,-0.163030548702314,0.143558036526498,-0.0744302188969765,0.141120964494355,-0.156121992866651,-0.366965228695447,1.05527954777415,0.855110932966402,-0.128814775951234,-0.202316039507249,-0.769472811387068,0.20827613986962,-1.09903026244285,-0.376782365399688,-0.116287872943016,-0.0869097715056882,0.0226467343686546,-0.079252689483345,0.10942362415259,0.694027943800394,-0.316142546517165,0.045358525901228,0.0190130536372125,13.99,0
312,0.230981061551682,-2.00048295034302,0.555154797649033,0.600645901824975,-1.55102364629382,0.242332933360901,-0.133182960722367,0.105984107070845,1.24854551820114,-0.701849424000435,-0.682574281865427,0.316230837916326,-0.644833787459126,-0.280816964678511,0.0853428064811503,-0.316656034559433,0.476682548407653,-0.904761025211108,-0.0430261891890318,0.834179228115651,0.0796692142390505,-0.610378421067167,-0.309128501878724,0.167024295572473,-0.137728124260367,0.922421303473504,-0.113353367664372,0.0939693265364713,493.44,0
386,0.0719363724226082,-1.60199934011656,-0.606192804697593,1.59162339012038,-0.364290001770804,0.319968043346834,0.856675850873093,-0.052634164872917,-0.188426452733371,-0.132815948213009,0.918978035405007,0.769187613340424,-0.510227421064135,0.670791499109171,-0.315053859339903,-0.280722052430828,-0.162237708907203,-0.114263577888851,-0.254243782652387,0.959559376061615,0.364078188625154,-0.110441765345205,-0.66905811476641,-0.262152245468434,0.555655582457778,-0.288129534233032,-0.0894999984696457,0.0955839376323862,575.33,0
44,-0.948896382774995,0.248413620091971,2.956914245378,2.81374999056136,0.145538801826429,-0.0273529716038449,0.133701634240577,-0.307534956765323,-0.125243760627442,1.03493960020462,-0.532647840011533,-0.189877966199305,0.0812221878395934,-0.939053267606033,0.081187230147607,-0.129784753449715,-0.17435346324256,-0.0902909933540908,0.222434544172135,-0.0561863263047544,-0.0836469065443144,0.416090081889729,0.207536734987955,0.716064035097256,-0.602311114532848,-0.0642300143639965,-0.315057518447682,-0.272463332248231,0.75,0
427,-0.856567135357546,0.842155881785836,1.71667685063596,-0.0161776139167461,1.05448580708667,-0.440337634980447,1.46357368106055,-0.378756840632728,-0.728543989505536,0.0421315513894033,1.47173321611908,-0.206399494277253,-1.69050070633579,0.476756135715586,-0.136423982758873,-0.31836495253514,-0.551950933264715,-0.188745625876862,-0.857467542332655,-0.101960460542378,0.0490319940575061,0.29774076396991,-0.456501519573342,0.197724180654279,0.610523208471402,-0.420531463131528,-0.458258405011473,-0.381306158549018,12.98,0
37,1.29566762073068,0.341483451353791,0.0815051987484797,0.566746069705835,-0.110458773277264,-0.766324792720234,0.0731549033988192,-0.168304137620736,0.0718371100236598,-0.28104399420091,-0.549533938889144,0.0490931624959103,0.303950022826475,-0.316750192452704,1.13489720516941,0.635909577425588,-0.199763166132168,-0.122051064207473,0.0045161815786887,-0.0659833832780103,-0.323607229319987,-0.929781372142459,0.063808805668539,-0.193565114648984,0.287574217952475,0.127880985217088,-0.0237311930875266,0.0251996726837571,0.99,0
71,1.33189715687662,-0.579961843235092,0.422605531843814,-0.897751526178555,-0.746254209764005,-0.05627323061712,-0.750316963446238,0.128483933549462,-0.964681778278345,0.736391419205694,1.39098159162914,-0.0080488722886911,-0.129421819641027,0.09427715103611,0.38881917965614,1.23661879113318,0.151535043141521,-1.39899032228073,0.672575069400762,0.0524891008907033,-0.0390703365042161,-0.255173945137789,0.109332682808613,-0.328448170015124,0.162253656210345,-0.447275874501086,0.0200705521150087,0.0062305434862599,14.48,0
672,-0.347674406356079,0.532592345834833,-0.0819803843694139,0.176924677501958,2.40705334142128,4.03019350423897,0.619624150185441,0.721851884413399,-0.306586989338799,0.135312950574203,-0.533855929252643,-0.237182669122089,-0.232785682881897,-0.0637529902999884,0.192412551849272,-0.66471652529951,-0.256359653214766,0.22451374708351,1.43734686944736,0.541055727330856,-0.118952960719522,-0.130521183646059,-0.0585634089696906,1.00438063385436,0.148452276997946,-0.26873423542398,0.222646748576833,-0.0163164015401714,94.86,0
389,1.22847756765483,-1.09794750400302,1.62901262270903,-0.0055502942374186,-1.96986848733993,0.250276440067781,-1.38178175121205,0.174506571853573,0.641161790417973,0.20816966283779,-1.38804281343513,0.927180483740658,0.954275797487492,-1.43666107069615,-1.78821585093985,-2.03894153062528,0.723704772246496,0.589066736913283,-0.108607720670769,-0.412462974260898,-0.526063930591528,-0.566474925729755,0.0459692591689889,0.475350104173765,0.164650364519876,1.06943713030049,0.0277398019635431,0.0266802755239921,29.95,0
